Country,1990,1991,1992,1993,1994,1995,1996,1997,1998,1999,2000,2001,2002,2003,2004,2005,2006,2007,2008,2009,2010,2011,2012,2013,2014,2015,2016,2017,2018,2019
Aruba,0.524847233,0.620443103,0.720163097,0.691391373,0.757695903,0.814651891,0.544439618,0.831664421,0.832855653,0.879120942,0.943343227,0.969337836,0.987977455,1.280156225,1.329434161,1.368960718,1.330679891,1.361390293,1.280767201,1.379071656,1.332394776,1.266664978,1.6184407,1.588689037,1.615728022,1.607878965,1.578643552,1.315457933,1.34759437,1.387155767
Afghanistan,2.910441705,2.778889889,1.696297398,1.626566078,1.555482855,1.380337779,1.353127533,1.337145683,1.34763173,1.305541142,1.07964063,0.993244455,0.985183968,1.068472148,0.957256064,1.316140323,1.471212077,2.046648093,4.068388197,6.665939634,8.086217099,11.91889826,10.23806382,8.484182855,8.016290063,8.361848549,7.635914356,8.145254857,9.106997338,8.082723558
Angola,11.29819684,11.85103573,12.19636571,12.2136513,11.56831909,13.03968868,15.77312562,16.50057964,17.13805539,18.13438462,16.61483677,16.29451563,16.03663527,17.45020807,17.81594524,15.97626284,16.73487327,17.24714234,19.50103338,21.32235658,22.97375774,23.86463597,24.18684342,27.82232537,30.40784428,32.59413004,30.69166007,26.12988244,24.04861936,25.32599422
Anguilla,0.006114424,0.00757944,0.007902936,0.009952196,0.01313127,0.016395665,0.016213344,0.013563752,0.012448764,0.011750832,0.015531534,0.015910759,0.010858915,0.014107818,0.01347189,0.013661616,0.012812443,0.012354729,0.015268477,0.020160958,0.024004496,0.026008055,0.026023228,0.027940512,0.027896061,0.028005426,0.028339881,0.029062445,0.028222994,0.027579993
International Aviation,258.9937813,251.9009032,260.0678582,265.0220847,278.5835702,289.1034251,300.8476628,315.6077036,326.2430757,340.1420871,352.6288292,346.1280979,366.7032383,364.670144,393.9046399,418.8387904,434.1486542,448.0634932,455.8999822,434.2054923,458.2050418,472.1124083,472.7211187,480.9091262,496.6276965,524.6540345,548.2077774,582.2304897,609.6304686,617.7632293
Albania,6.653017711,4.437321935,2.41983035,2.274800626,2.387156417,2.111883785,2.101389009,1.628675271,1.955472993,3.129668266,3.273583452,3.482386303,4.041511253,4.245990448,4.450978888,4.213394304,4.17413324,4.283612251,4.239339948,4.3343489,4.616941479,5.014835957,4.574328127,4.811344923,5.13469704,4.916119404,4.619507538,5.346925226,5.314989374,5.038618199
Curaçao,2.669740744,2.769183631,2.887051446,2.370630743,2.669020721,2.675311348,2.703858225,5.306248248,5.479967561,5.448928342,5.670774765,5.708320443,5.462663348,5.478869426,5.72111972,6.032133779,5.938910251,6.451498312,6.385706041,5.986874406,4.435001736,5.683816159,5.130824005,4.685495472,5.258290891,5.311484306,4.549638271,3.619473578,2.87702226,2.210519648
United Arab Emirates,56.90141795,64.72988224,62.52928668,65.92917512,72.5900932,77.43145142,80.9257427,84.33997713,86.52315643,89.21417647,88.52142484,101.3374676,103.6134023,108.9177807,115.1268254,122.5766723,127.3311073,137.3051611,164.3997636,165.5112675,172.1227854,176.4191189,186.0552726,195.6090104,197.236888,207.7954258,212.5602708,208.6861086,187.9170284,199.2888538
Argentina,100.664657,106.0084044,108.350133,112.1354731,115.8775676,118.0037599,128.9153556,133.4032205,140.1071616,142.5339798,139.4295552,133.8159907,125.8876752,139.7653609,154.9127129,158.6853433,168.0729357,177.6406868,183.3161281,168.779385,180.945731,189.9853706,191.7743757,198.1513627,195.9526351,199.4173854,197.3833132,194.2575883,192.0351295,183.1722982
Armenia,20.70145224,21.5618514,11.00492397,5.180057133,2.883970355,3.618804068,2.675833968,3.432446478,3.563045191,3.199747008,3.663461023,3.730356885,3.198637944,3.572115114,3.837753247,4.546648011,4.585190121,5.300082323,5.802199258,4.663656638,4.470290281,5.098676744,5.87781248,5.565062423,5.556373289,5.414477256,5.159294243,5.453925082,5.771485729,6.258425349
Antigua and Barbuda,0.427828875,0.451115538,0.476049285,0.444118568,0.466630722,0.477254008,0.480896495,0.468798816,0.474452414,0.501565911,0.493125116,0.490776872,0.53398847,0.708744155,0.725194488,0.712301553,0.724092975,0.746970929,0.751509653,0.839256197,0.85668395,0.983628572,1.061682648,1.065287135,1.099736268,1.082621551,1.095830344,0.78111159,0.85347407,0.846615982
Australia,278.2097544,280.211696,283.5754627,287.6761549,293.1280559,303.2230212,313.7587027,322.8086503,343.7464815,349.0379821,354.7808209,361.3756008,369.7400469,368.8086595,382.5369383,386.3866618,392.5050529,403.0534949,406.8317264,412.7310405,408.2267759,405.9318448,405.8275688,398.6016325,389.9473696,396.0989414,404.7575978,409.0937159,406.7872374,406.7599379
Austria,62.71929223,66.55401846,61.40987885,61.50474992,62.07126248,65.16800387,69.04249193,68.69753193,69.246487,67.32813193,67.98286379,72.72212768,74.32236523,79.43293561,80.61867207,81.1785544,79.1283122,76.22213754,75.77143834,68.85942831,74.75630797,73.0735165,70.0606163,70.63075376,67.00345774,68.33121942,68.84449691,71.10618942,68.07014085,69.9559579
Azerbaijan,54.64395836,53.20120552,43.31886024,38.09463552,33.87320213,32.86111187,27.5398435,26.8016096,26.80812484,26.49133076,28.06264586,26.71274407,26.47903036,28.96987804,28.69175528,30.49295449,30.91907035,28.04870368,30.97179375,25.8723259,24.66870132,27.91009489,30.73212774,31.66697709,33.02691879,32.54117316,32.92739105,32.72213283,33.58560725,36.45785494
Burundi,0.245143614,0.330385696,0.269957991,0.29916159,0.310821039,0.306796174,0.32675795,0.33452496,0.352809079,0.362618805,0.336744946,0.264557245,0.244577683,0.203104364,0.243586293,0.206407435,0.254830821,0.406141933,0.243165468,0.242948897,0.349151581,0.418339259,0.399318033,0.448190058,0.401017439,0.424527148,0.464543676,0.531349131,0.705868146,0.745875159
Belgium,116.6336244,120.5412715,118.4503306,116.5344208,121.6507721,122.9061782,127.7237156,124.6917081,128.1187189,123.8122271,125.7380088,126.8305011,119.433173,124.3581016,123.4418642,119.3441262,117.6515212,113.8372469,115.563441,107.3646813,115.2549243,104.9321164,103.4694042,104.9563847,98.02021814,102.7739291,101.681383,100.1174498,100.8413877,100.294369
Benin,0.415194866,0.367581502,0.399250353,0.404701271,0.411650431,0.420266618,1.098236029,1.390303568,1.340208036,1.473423084,1.571846186,1.884436459,2.174582688,2.43269967,2.59198042,2.838678669,3.897231957,4.42917627,4.397885465,4.716208619,5.107886337,4.986622735,4.750553258,4.995977761,5.484359271,5.831491688,7.125436575,7.263857589,8.269118725,8.117105317
Burkina Faso,0.412691379,0.55036736,0.489700892,0.513619245,0.56060402,0.576366838,0.629539145,1.020311567,0.962273432,0.99187033,1.014601303,1.144786943,1.187908292,1.312909649,1.188855462,1.26693342,1.26721285,1.783415454,2.057195444,1.978411266,2.122459194,2.228668853,2.569166206,3.001788263,2.70397822,3.812530064,3.733700924,4.405564478,4.801420482,5.002361763
Bangladesh,14.40761994,13.70647315,15.32146918,16.17292862,17.47019699,21.29645619,21.67503565,23.31626918,23.8251357,25.48258595,27.5636586,32.33845889,34.04484601,35.49061768,37.48646818,39.94244179,42.94457177,45.42565038,50.81222738,53.90865199,59.80432921,63.62432344,67.22202336,69.5683056,73.23457201,83.5250138,85.5940908,91.4026391,96.70212054,104.8367314
Bulgaria,79.13781673,64.45635857,61.72209335,62.51201084,59.77864979,61.02163847,61.44973541,59.21562868,56.59257348,49.89753366,47.82350676,49.83700845,47.02350586,52.90880607,50.83667053,51.96676122,53.09775823,56.8687152,53.76137498,45.66622639,48.22935817,53.55058408,48.63097826,43.38151709,45.87206095,48.40359048,45.58729198,47.79028824,44.91957747,43.06376122
Bahrain,11.98677354,11.55937834,13.60656533,14.71830983,14.99116104,15.23755019,15.78986608,16.25412433,17.22834978,17.3192571,17.76687485,18.40215034,19.21949249,19.88831455,19.91353226,23.36336457,25.44215543,25.84503157,27.66235652,27.64884322,28.82842955,28.99436128,30.21020469,32.12185179,33.30776469,33.47600786,33.48795139,33.76812509,34.04226712,36.74809856
Bahamas,2.829981503,2.683818402,2.4253277,2.385736474,2.551723226,2.884843208,3.27080421,3.039041455,3.380309219,3.161554872,3.398758759,3.441855461,3.424935099,2.768578046,3.055822097,2.830057743,3.114357083,3.52042785,3.429331909,2.901124318,3.211175626,3.306745865,4.017615861,3.903360529,3.839673981,3.624384039,3.734094932,3.869376101,4.457246585,4.401421569
Bosnia and Herzegovina,24.67621229,22.09077012,16.32060037,13.70658442,3.381683338,3.593701503,4.478289779,8.804203071,11.13526159,10.97996758,14.36492742,14.18046979,14.91189425,15.27203142,16.11609859,16.92563687,18.76857517,19.80162853,21.73295515,21.73653297,22.27157137,25.32020399,23.37843759,23.28571984,20.87166099,20.90066923,23.55538324,24.03863484,24.13868712,22.77247682
Belarus,108.9908971,104.7516622,94.59580802,81.45777994,68.95513547,61.65359807,62.62876627,63.2328546,61.50875223,59.11920491,56.92115892,55.80475888,56.1514825,56.8757945,60.34369667,61.2957826,63.69858222,62.27536522,65.47038036,62.29977341,66.71810473,63.66694097,64.98907219,64.84255964,64.25708442,59.81461121,59.90361218,61.06673071,64.28204293,62.03648026
Belize,0.327513596,0.39425773,0.344479628,0.321568848,0.300808371,0.332456951,0.280245845,0.446705629,0.449800413,0.489861704,0.50120397,0.51707814,0.503565258,0.658459755,0.624145029,0.6419139,0.663027432,0.626560772,0.585712115,0.669132027,0.742029428,0.751112853,0.817051039,0.874091412,0.851680367,0.943765893,0.937509711,0.796392797,0.711490773,0.666448856
Bermuda,0.660068883,0.625609838,0.518397651,0.553630561,0.529147557,0.520110138,0.538603913,0.50963956,0.514779086,0.543974139,0.544178676,0.547162871,0.583269407,0.733788483,0.748785426,0.755737396,0.819840667,0.906123075,0.866064715,0.788386435,0.928760407,0.771550834,0.880794819,0.856569343,1.075655975,0.898239776,1.087306048,0.804885938,0.903420205,0.892102624
Bolivia,6.592882225,6.909303788,7.439934869,8.861133796,9.553915737,8.619528045,8.322913274,9.182193566,8.675116144,8.243067084,8.220112245,8.064197586,8.325921859,9.13037133,9.509334425,10.06557833,11.24741851,12.11981606,13.14660129,14.05072422,15.20514318,16.65551477,17.45055743,18.67675236,20.27146531,20.61938788,21.99540148,22.79440955,23.2688932,22.63256837
Brazil,228.6030345,235.8968192,239.3357051,250.5054539,258.8071609,278.6124885,301.9514764,322.4395599,332.3681296,341.6755375,364.7518705,365.6594815,365.5128298,365.8612251,382.3821836,385.3210729,388.5654595,405.5805728,425.5328303,397.6707667,450.4359269,470.1637435,506.6518734,532.9368382,559.3419552,527.9391038,493.5112929,504.1514744,480.141718,478.1701797
Barbados,1.368008018,1.411943848,1.481009783,1.357238173,1.278985287,1.277440222,1.279981187,1.398937004,1.481712903,1.609937165,1.601657774,1.589639238,1.58473952,1.82531931,1.843098558,1.799455275,1.755358047,1.668112166,1.878804386,1.926219158,1.962620221,2.351123345,2.340611515,2.420328613,2.143427286,2.198457798,2.213245124,1.72643639,1.937676615,1.913705846
Brunei,3.343038103,3.708105005,3.903635353,4.068094113,4.364063952,4.699129824,4.9283373,5.488266762,4.671751074,4.593490032,4.888903682,4.876954527,4.791732882,5.703594991,5.269359843,5.175248142,7.698665186,7.299745478,8.0440208,7.998613548,7.338051078,7.513635364,7.47806376,7.382937072,7.213558722,6.518547863,7.105378101,7.443411776,7.712608598,7.346343641
Bhutan,0.182825906,0.186819583,0.186728361,0.189839978,0.234869883,0.310930455,0.340772471,0.392687576,0.432236959,0.502512344,0.421033852,0.451867482,0.487660619,0.502830756,0.51181678,0.551568245,0.559348824,0.570827604,0.611825873,0.841816607,0.924902746,1.126915347,1.077357346,1.105078692,1.122359505,1.298792411,1.408047883,1.507524374,1.702858826,1.894321419
Botswana,2.827712573,2.797034796,3.402539191,3.356076191,3.218432982,3.347890216,3.018809248,3.22286609,3.834623554,4.040513045,4.186198457,4.057762933,4.240405348,4.144299279,4.16980524,4.474650313,4.271784727,4.493540129,4.558556615,4.323291226,3.508676484,4.112165853,3.543391314,5.548334678,7.123809649,7.086145938,6.7636712,7.466957589,7.440988906,7.377950884
Central African Republic,0.198390153,0.248704407,0.209042774,0.227135704,0.238398162,0.245190898,0.264196584,0.270941218,0.276112014,0.28337107,0.2997657,0.309429325,0.309154555,0.291699718,0.288342223,0.285131737,0.298752576,0.297829401,0.225370221,0.218207157,0.224232937,0.225452589,0.227276962,0.155908725,0.167444974,0.23387033,0.246658796,0.264903696,0.271964615,0.281495585
Canada,443.2559864,437.121547,449.7062167,448.4278401,465.7801747,478.4212432,492.0139731,508.0414002,515.4461038,524.9876616,545.0271257,536.1957974,555.3910217,574.9572486,567.7597146,577.9978658,570.4469718,602.654739,581.8678439,548.5276914,564.56267,577.2065547,574.8448366,583.897988,590.0205038,586.6543909,585.5191196,596.1786877,608.4529066,608.4895939
Switzerland and Liechtenstein,44.96211682,47.2838773,47.22366885,44.89433611,43.95313087,44.75148297,45.29708569,44.01657224,45.47911151,45.74352982,44.92955826,46.36374103,44.73039994,46.03230819,46.56961675,47.18654494,46.7492769,44.79962718,46.17692116,44.79205274,46.48128203,42.40498214,43.7092839,44.73155071,41.24234776,40.36007055,40.90453334,39.93178515,38.6984685,38.57612605
Chile,33.01675752,31.47062142,32.66234751,34.55612924,37.71866492,41.30315134,47.46420259,54.02560582,54.48870399,57.07168766,53.42734629,51.35713421,51.82892501,53.78477445,58.08896383,58.88131451,60.01790936,67.46510293,71.01224341,67.94615916,72.06510307,78.660831,80.8499334,84.98790575,78.46953967,84.0656656,88.57000928,89.33997265,89.06049207,94.00974854
China,2425.643522,2561.805992,2695.412338,2919.981245,3100.784503,3415.472313,3387.352842,3465.449108,3547.653173,3478.416571,3703.340219,3878.315075,4183.177709,4852.911765,5599.967175,6338.438492,7040.38819,7673.680477,7889.191024,8489.958526,9294.361006,10155.48117,10484.57673,10780.58644,10898.41414,10771.81741,10794.28624,11036.73465,11499.29215,11771.07254
Côte d’Ivoire,3.030024706,3.124440194,3.114276338,3.302118994,3.449955935,3.76978049,4.70184306,5.712644177,5.540794485,7.381224905,7.055934086,7.082683315,7.493387542,5.938965446,6.130367516,6.550711777,6.428379683,6.438513146,7.174876099,6.655554445,7.53932314,7.38762589,9.390393262,10.0739821,10.83675116,11.60204119,11.78051465,12.72934391,12.58899841,13.430183
Cameroon,4.811000482,4.587448969,4.412572095,4.816223238,5.205113875,5.211920651,5.344632156,5.382436103,5.601069189,5.394748899,5.788414142,5.760033177,5.679974653,5.793939901,5.695884145,5.541064552,5.591979012,6.588057555,6.944865412,7.544066152,7.690369692,7.324542724,7.437399323,8.234229105,8.945853671,9.25794285,9.856686692,10.02017923,10.50948783,10.44557063
Democratic Republic of the Congo,3.442014284,1.969947684,1.705711335,1.650863328,2.566251406,2.400596546,2.64650737,2.654623809,2.645599011,2.44923636,1.969358442,1.919291801,2.01244822,2.419420141,2.317951004,2.589328083,2.660911069,2.929437795,3.005528741,2.920584944,3.051822973,3.471910917,3.115986885,4.291129703,5.480099334,3.569806658,2.781544982,3.209877096,3.130835621,3.367545034
Congo,2.403300886,2.451974056,2.392982078,2.363806898,2.165217556,2.752243388,3.31085976,3.411171492,4.05472506,4.198973774,4.542087903,4.427610739,2.886535971,3.592089574,3.646416138,4.359218601,4.849286751,4.2919994,4.460891776,4.947871675,5.326287574,4.884383461,4.509967126,5.484225102,5.324353357,5.777671397,5.647360473,5.561115273,6.511091746,7.301687315
Cook Islands,0.04014714,0.028115569,0.040932727,0.040027183,0.042115784,0.040357896,0.041364636,0.04388765,0.045476279,0.044131193,0.065501805,0.064210653,0.034969301,0.03187426,0.051738698,0.083231799,0.085902302,0.068833303,0.073856182,0.070098556,0.083534767,0.096167281,0.100331318,0.099973491,0.104113294,0.094305952,0.096110924,0.100985439,0.10068293,0.10460329
Colombia,52.41134071,54.07257335,56.11941986,59.37054644,58.94063701,61.68060825,60.89124243,66.08625498,67.18598803,58.64584177,61.52913676,61.19415493,58.81601281,58.3335646,58.45994602,60.11963139,58.97491288,60.6342086,61.05108449,63.55751054,65.29813728,70.39233504,70.81151962,78.08111624,80.12928405,81.17299822,84.110158,76.66404115,80.34809029,83.4386396
Comoros,0.04755969,0.054856204,0.048329597,0.047226108,0.047244962,0.048574354,0.049999228,0.051326182,0.064846375,0.066646956,0.102834844,0.107223122,0.108300726,0.139779695,0.153151217,0.148630652,0.175140007,0.115707806,0.115248017,0.142008641,0.168321063,0.140288078,0.14370259,0.171349144,0.151033827,0.164997514,0.189552909,0.251914,0.272166692,0.297099293
Cabo Verde,0.06485515,0.07768734,0.079863202,0.077933361,0.091550679,0.091750222,0.108876156,0.111656287,0.113836208,0.116928928,0.318335808,0.357360521,0.388086277,0.387795426,0.424036514,0.662502687,0.713076471,0.804281404,0.779251733,0.754035525,0.806379768,0.863288192,0.734825488,0.714661409,0.751869435,0.757030716,0.775282996,0.852350176,0.84932269,0.860547562
Costa Rica,2.929726662,3.177024201,4.266494701,4.289512631,4.991363883,4.994851503,4.773720841,4.669812716,5.203297683,5.178238491,5.144046174,5.562090064,5.663672318,6.104590572,6.199076053,6.347000324,6.972017413,7.695541184,7.623125424,7.349359953,7.278997714,7.635949599,7.621438055,7.915572849,8.02682958,7.744022809,8.267184483,8.452770593,8.601214682,8.470658611
Cuba,38.54156163,30.02764178,23.84107632,21.812596,22.50797321,23.88784835,25.86631805,28.3028332,27.129034,28.5894311,28.95532049,27.86326707,26.60552689,25.83701358,25.35788333,26.18789334,26.71511704,27.62136647,26.74650323,26.95410555,28.20932558,27.76401375,28.90671846,29.07224025,26.91118717,29.43872829,27.3627366,26.50143996,26.8989017,26.02547978
Cayman Islands,0.300944787,0.312458499,0.334932375,0.29719165,0.337243247,0.345454225,0.348123501,0.32944114,0.336791228,0.356594566,0.480072679,0.483574257,0.512020815,0.667068671,0.637316445,0.633512612,0.638877956,0.722785236,0.731251661,0.74538254,0.781608666,0.937011991,0.928458841,0.918549815,0.945936514,0.958217582,0.947930551,0.790713404,0.780387321,0.936662183
Cyprus,4.469674293,5.030274372,5.300043332,5.479128498,5.669995067,5.557800591,5.852614205,5.934316327,6.39884479,6.639465714,6.965441646,6.834857964,7.015232543,7.768676377,7.675970457,7.852016489,7.903093491,8.263356364,8.462293553,8.222924731,7.934775175,7.615882355,7.074149572,6.475149175,6.857755248,6.827251246,7.257921842,7.399905419,7.249109731,7.256855423
Czechia,162.9440323,147.0921627,140.9558415,138.6654535,132.9987575,133.5219663,134.7364807,131.7964524,126.0474208,118.9215757,130.4045388,130.6154604,125.4564089,129.6945087,130.920807,127.0351319,128.2415169,130.8251879,125.4705176,117.3741131,118.8073274,115.9933729,112.5824719,107.6541007,104.4835022,105.8788198,108.023581,108.4236347,107.1905268,102.2112683
Germany,1019.077771,997.1707987,943.7635429,935.098853,923.8129899,918.9521987,946.022708,913.9897447,907.6196108,874.0042407,878.4087899,893.7617901,877.4959959,879.7489334,863.6371333,843.5224974,857.9409904,827.3752594,832.298889,771.2906994,818.1541805,791.745091,804.0554254,822.0196006,782.359239,788.6143837,792.6826588,777.8788291,753.5536097,701.6162927
Djibouti,1.172956894,1.408233654,1.247695454,1.227548712,1.260676178,1.28547065,1.323175409,1.369368304,1.394924492,1.431978383,0.832180311,0.829447549,0.83985556,0.881593196,0.860482678,0.821856085,0.780084435,0.804762701,0.865845947,0.774662578,0.871911683,0.620405198,0.781077117,0.855427118,0.85887468,0.782700551,0.699084938,0.651768655,0.681970435,0.643553599
Dominica,0.056987519,0.060101325,0.063303793,0.07697685,0.100064249,0.115334344,0.12183963,0.115598263,0.098672648,0.13202246,0.163482446,0.170613472,0.187069157,0.325331961,0.334491721,0.328950104,0.344087972,0.37310488,0.356397967,0.366474326,0.376346096,0.413985453,0.418332016,0.384936317,0.419029352,0.412768274,0.423706124,0.19580846,0.217703344,0.210609466
Denmark,53.53363669,64.16483363,58.42629745,60.62148561,64.78735292,61.7386293,75.13146023,65.37383028,61.09601684,58.13786026,54.00667337,55.52018833,55.09471933,60.44830642,54.81496761,51.39245377,59.30976251,54.47828543,51.28159664,49.03321469,49.15080593,44.08247551,39.21980053,41.02199647,37.29553419,35.18691535,36.28517718,34.11041831,34.16040676,30.6856345
Dominican Republic,8.044436383,8.424503803,9.775420291,9.656742874,11.28331379,11.99499435,12.92600326,14.69109231,16.79357329,18.20614142,19.01504734,19.15962128,21.0224971,18.78749692,17.43049934,18.82846119,20.54448212,20.79300405,20.72037009,19.84539449,20.86874203,21.17098947,21.92087622,21.51374158,21.71506348,23.87807229,24.86101234,23.82255804,25.64291161,27.62018191
Algeria,68.00360923,72.11717917,80.01646032,80.27160551,77.73639035,80.32163469,79.2140921,77.66283244,77.81488838,81.04615245,83.73453419,82.13538705,86.64395009,93.08482419,92.74205217,98.60871731,103.4287238,106.0299059,110.8721979,114.2757203,116.6440271,122.9711414,137.5307234,141.7187806,152.1329885,161.4831094,159.4747328,162.8018751,173.7052988,177.9234367
Ecuador,17.58689117,17.61992823,18.555697,18.09642838,18.97018684,20.81756297,23.9848623,24.98199191,24.53038164,21.70658624,22.06105259,24.30657786,24.30788227,24.844617,26.21703225,28.28808186,30.25062569,30.84093975,31.92773054,34.76078261,37.46595161,37.80651918,37.98377778,40.40119407,42.54384784,42.30064016,41.04048813,39.75040143,41.29424994,40.66078279
Egypt,91.05288584,93.16296384,96.81525879,97.12715265,92.59185047,98.92067168,106.0701713,112.9653857,118.713562,128.171496,127.2090777,140.4978426,144.2678621,147.307658,159.657375,177.6198862,188.5390769,201.7322195,201.869052,210.1178856,212.4461056,220.2318995,234.3876432,230.1051509,234.5389154,240.8400677,247.5478541,268.5347498,280.76631,268.2849558
Eritrea,0.32469368,0.373644629,0.460509149,0.656600314,0.741230464,0.807620741,0.888777829,0.843473557,0.63966864,0.6794193,0.67018623,0.735101493,0.721764515,0.699588528,0.691271164,0.609422271,0.532480844,0.521431254,0.454239609,0.475387302,0.507711917,0.583880258,0.623015796,0.634399058,0.64448568,0.647474188,0.668612671,0.731663867,0.860824511,0.882671738
Western Sahara,0.14974785,0.1811122,0.160399356,0.149837903,0.151055052,0.175711496,0.179101679,0.187777984,0.190369822,0.197871142,0.255371677,0.258866918,0.258223176,0.264104805,0.263176248,0.259487617,0.259940497,0.2559866,0.257440905,0.255516828,0.252869251,0.23880542,0.239375425,0.237975877,0.233314888,0.23793799,0.239893436,0.21460285,0.22553796,0.232813543
Spain and Andorra,232.1166308,239.6731902,248.4478394,233.5086055,243.6826217,256.0379489,247.3980949,267.2542748,275.906895,297.9877441,314.3198389,314.7068452,332.112367,340.6074105,356.5159806,371.5371155,362.6707063,375.9739198,344.169489,304.3960291,291.3275238,293.2054674,287.0599751,260.3555782,257.6320904,273.7139466,264.6963104,280.8442626,274.3736117,256.8053837
Estonia,37.47921845,33.68303162,25.73266305,19.94397717,19.987106,18.54001677,19.45982576,19.10181709,18.08512381,16.87801372,16.96227926,17.53770773,16.70144711,18.87808557,19.30538617,19.65920857,18.51476929,22.30396766,20.92090012,17.92403837,22.08513511,21.4284735,20.37931125,22.97008401,21.80981105,19.88685204,20.15050756,21.12193821,21.64017517,15.0442219
Ethiopia,2.097000657,2.071184532,1.591831359,2.059020982,2.38137577,2.703450684,3.057600296,3.208935267,3.41025623,3.361909002,3.742571137,4.644006967,4.774319708,5.1385765,5.563724765,5.319451279,5.674581407,6.211736958,6.737329849,6.784041195,6.765157919,7.879357626,8.861970895,10.22081923,12.72101525,13.39395874,15.87207812,16.8616824,18.35166654,19.79172793
Finland,57.27904582,57.72356668,54.72410973,56.11539925,62.8451371,59.42484359,65.46752788,63.3946618,60.14458392,59.47588411,57.87129686,63.94014634,66.0489529,74.30467997,70.56727953,58.31469562,69.92375065,67.94793195,59.60854038,56.99214915,65.86155344,58.14278177,52.26344799,53.50761428,49.45784233,46.0572708,48.88597447,45.97858852,47.76360879,43.80052006
Fiji,1.002094903,0.858793142,0.898584495,0.935085397,0.990906283,1.038286724,1.097351467,1.178824229,1.184076831,1.250070406,1.569573113,1.658368765,1.35291295,1.585749087,2.069242564,1.782517164,1.911808021,1.666705701,1.312523993,1.141916926,1.718599823,1.286082904,1.235169854,1.331913095,1.477660244,1.534410022,1.464432866,1.549840194,1.602188232,1.661998189
Falkland Islands,0.015716578,0.016656632,0.017525444,0.016420856,0.016162798,0.030016551,0.018765301,0.031584552,0.028962961,0.032309706,0.060037203,0.062584562,0.099155092,0.219411146,0.213522346,0.215929764,0.240273218,0.242712463,0.241151451,0.245294683,0.242781638,0.262035888,0.266460703,0.233525511,0.257116996,0.243945384,0.257549187,0.048885121,0.054584678,0.053921794
France and Monaco,385.2489015,409.1944056,397.873008,377.8999737,372.3740224,381.2512926,396.0722831,388.1231443,410.0770861,403.731758,401.7519835,405.7051564,400.1928527,404.5487488,404.6995246,407.6985395,397.426959,390.1316389,383.4321732,370.6790898,378.2736815,365.6501682,367.6184364,362.7556857,329.8906626,334.7930313,337.7723132,341.3734063,330.5218791,323.3822251
Faroes,0.001491604,0.001506988,0.001511502,0.001512596,0.00152196,0.001531613,0.001549324,0.001567388,0.001588875,0.001615406,0.001663792,0.00169756,0.001728751,0.001758679,0.001798983,0.001829641,0.001843545,0.001851123,0.001861767,0.001873572,0.001885081,0.001896816,0.001908549,0.00190855,0.001908544,0.001908538,0.001908534,0.001922204,0.001936939,0.001951886
Gabon,6.171689797,4.934141627,4.972393225,5.082995613,5.045657409,5.670181124,6.332314046,6.048998868,6.923504964,6.591404831,6.60646801,6.74393825,6.475414006,7.345274696,6.628266726,6.394828572,5.710969729,5.179460091,5.523334491,5.445656229,5.958092347,5.823210979,5.893598093,6.081631795,6.271020664,6.444230865,6.757296753,5.677634155,5.415859173,5.58252336
United Kingdom,587.9531686,596.1295996,582.580505,566.5877898,561.9910532,554.0869748,572.017821,547.9729721,550.1680469,546.0700794,552.0014251,565.4510659,549.8212252,564.2941209,564.2870601,562.090924,562.7478775,552.3396269,536.5422821,486.3660068,502.0136513,462.8687667,485.5772132,472.2009719,434.2311654,419.3894903,398.633273,385.1669724,379.2617178,367.6539684
Georgia,34.74845816,26.72689805,21.02807981,16.85737572,10.92006774,8.618618822,6.871071928,6.053565779,5.431231185,5.056267257,5.37608614,3.932537508,3.451695981,3.74684429,4.089753766,4.984899892,5.466748281,6.422642729,5.636619759,6.379674599,6.231609214,7.520864283,8.186252343,8.839827907,9.548944468,10.29122311,10.75953408,10.89262666,10.80860797,11.66723587
Ghana,3.177375876,2.947951218,3.47140664,3.580786184,3.809588025,4.091666981,4.438227052,4.668128686,6.321265077,6.895600507,6.123448509,6.614494035,7.793667599,7.323038223,6.845573355,7.234665776,8.768873223,9.258186726,8.793254727,10.09283263,11.29143702,12.18061523,14.69094581,15.61780269,15.04830447,15.85165473,16.44917202,17.32750344,19.34906332,21.0001485
Gibraltar,0.143778407,0.202966335,0.240919412,0.2440223,0.288161826,0.281855233,0.288118111,0.297493011,0.31312259,0.325595353,0.341163863,0.349921311,0.356184736,0.362449581,0.393707152,0.406225504,0.424941868,0.421730397,0.431024132,0.471623211,0.474785821,0.4591764,0.468591768,0.499761122,0.537197616,0.587125277,0.61223823,0.6497661,0.689635455,0.717316274
Guinea,1.135782899,1.059158366,0.978038156,1.008084183,1.026635054,1.046788461,1.076690692,1.113114878,1.151267897,1.186610441,1.658163087,1.737814767,1.831439463,1.928759257,1.998276644,1.931610317,2.024614881,2.10382067,2.22554986,2.343659711,2.712719429,2.650298426,2.48927969,2.240673228,2.32944234,2.777807298,3.061376045,3.175659411,3.182998737,3.255304729
Guadeloupe,1.581195207,1.74159496,1.726154979,1.808239647,1.841000959,1.793263061,1.790850246,1.739450468,1.730881212,1.819121806,1.899631765,1.989403036,1.958850326,2.214302047,2.179640077,2.089633941,2.078280162,2.141313196,2.024563336,2.177917382,2.429043367,2.447884739,1.841480861,1.842383542,1.798170458,2.035853985,1.915859317,1.920806972,1.934272625,1.950550232
The Gambia,0.150302322,0.178818859,0.157809799,0.165437145,0.190106867,0.181944018,0.1873081,0.19218232,0.209064628,0.214385349,0.306665717,0.332522488,0.337296472,0.34155501,0.360151118,0.36642958,0.401624164,0.420635224,0.425136588,0.46756744,0.479035118,0.464370704,0.441627831,0.441009704,0.474914439,0.492260163,0.485374944,0.507855543,0.507520167,0.524632875
Guinea-Bissau,0.205203295,0.245615157,0.227842499,0.244904136,0.244942598,0.252019325,0.247487219,0.266082797,0.271179144,0.278449941,0.231473771,0.235852941,0.2432208,0.2858401,0.297134288,0.304215291,0.316057962,0.33389398,0.317245739,0.33320852,0.341169508,0.31932197,0.318578512,0.325805931,0.335415346,0.35110982,0.358755475,0.299112253,0.297958391,0.302025453
Equatorial Guinea,0.065758027,0.068901618,0.068944686,0.062885848,1.194406502,1.268028424,1.380447347,1.910632221,2.286441392,2.51361848,2.996001619,4.133177809,5.333442111,5.844832407,7.007152306,9.149813695,10.22171573,9.397111248,10.61610947,10.51665987,10.74792036,11.32678368,10.92695281,10.28881993,8.999010438,7.618849087,7.693480488,6.815117941,7.469509323,6.550708396
Greece,79.09403501,79.13051492,81.21081882,80.70926742,82.23081235,85.27369336,85.17028764,86.17811696,89.67790818,89.9562512,97.09558424,99.14151395,99.17150135,102.9236684,102.6398953,104.864736,103.5333054,107.1695107,103.0788062,97.21270935,90.02339583,87.09917708,82.47302004,75.0033776,72.26786667,70.56400865,69.43494703,69.63609609,67.86096528,62.81657326
Grenada,0.133148039,0.140444298,0.152070455,0.163859355,0.18455188,0.162174705,0.175784821,0.220761436,0.197268974,0.209586585,0.229084472,0.235749395,0.266423381,0.408738562,0.39588419,0.400809486,0.418442316,0.433048668,0.437861938,0.456976833,0.481132667,0.548414199,0.571030044,0.598770239,0.556615565,0.549264387,0.564304132,0.360749707,0.378845252,0.373956789
Greenland,0.003065513,0.00309234,0.003113187,0.003132189,0.003148732,0.0031669,0.003187916,0.003205745,0.00322996,0.003256696,0.003289668,0.003317718,0.003348194,0.003380857,0.614821013,0.62121322,0.636858105,0.627371429,0.646434971,0.560752554,0.65272819,0.693907063,0.547860786,0.539522582,0.487887812,0.524947452,0.521353266,0.510758557,0.512469074,0.512476812
Guatemala,3.91312109,4.135024109,4.84677838,5.380263494,5.810777372,6.749861699,6.632162684,6.963757533,8.675972456,8.667579633,9.677780766,10.15501184,10.71449526,10.64243861,10.83488521,11.68599177,11.89118396,12.67662431,11.53830189,12.14339445,11.7815834,12.14543181,12.62359445,13.67295456,14.63674197,17.05647052,18.06231039,17.188369,18.91989318,19.93213048
French Guiana,0.672273456,0.776102668,0.670688454,0.822754665,0.808664236,0.906848769,0.918945445,0.883584263,0.89760633,0.945304568,0.547634817,0.588381051,0.534681387,0.800345104,0.787866075,0.751066319,0.684436979,0.742471989,0.739419228,0.948556009,0.929840157,0.796823674,0.659260108,0.711993136,0.750839369,0.74889338,0.830396715,0.817826886,0.822487502,0.824112403
Guyana,1.176664748,1.150391564,1.086414811,1.092420998,1.417922772,1.536721529,1.585896612,1.729107601,1.754646023,1.743605182,1.666441684,1.650036308,1.629253468,1.625226994,1.679073229,1.4900164,1.341514112,1.609914584,1.608671377,1.632524476,1.761861661,1.834078764,2.003321889,1.978093218,2.06582017,2.07528946,2.457868958,2.469530213,2.581471713,2.844132383
Hong Kong,35.07614672,38.2881541,42.69490433,43.61675677,37.13433753,37.66892872,35.21003806,34.09182924,42.25154926,45.21009657,41.54589562,41.52996744,40.65049583,44.20246911,40.4269521,42.68352739,42.17975166,44.28795104,42.99859069,45.07366622,42.15207157,45.09342794,44.55343607,46.09047037,47.46015883,44.15418384,44.98471611,44.0410614,43.96356628,43.41760904
Honduras,2.374353168,2.395993141,2.691202061,2.824075993,3.216906484,3.814219662,4.036612754,4.156526785,4.817623967,4.88806248,5.063070924,5.947352084,6.254415284,6.917842395,7.865105403,7.134050216,8.185044268,8.692807048,8.692009066,8.198653115,8.258526051,8.853447272,9.202815087,9.410308607,9.534889864,9.955602072,9.529079246,9.447330873,10.11912191,10.24126418
Croatia,25.16338898,18.33909705,16.75211525,17.24541674,16.67811609,17.14737878,17.02823482,18.84082034,19.99357031,20.06190705,19.61303391,20.69013215,21.68305762,23.14122363,23.377566,23.63949044,24.0353551,25.67582772,24.4327598,22.21787061,21.45443865,20.90994384,19.24876079,18.87754084,18.13907017,18.45178401,18.76243893,19.28914111,18.2755026,18.49005763
Haiti,1.146533912,1.120203573,1.043905483,0.883814539,0.419840992,1.132845817,1.28635965,1.503201877,1.538767103,1.608808202,1.70219325,1.734944619,1.958404642,1.944355577,1.797788923,1.836725576,1.859256249,2.189353349,2.168799971,2.128823831,2.602198712,2.947684468,2.608544193,2.818147184,3.200171939,3.453069816,3.536856221,3.505809589,3.476342592,3.510155471
Hungary,72.17761807,68.44695725,61.67753353,62.40240866,62.19493029,61.47667754,62.64548049,61.40902374,61.19533567,61.54377015,58.38540543,59.82242609,58.90324728,61.53652092,59.74691746,60.04445492,59.67109061,58.35541049,57.27781013,51.1572997,51.94008477,51.04424204,47.36652467,44.54544395,44.70308893,47.44512761,48.12456524,50.77153146,50.78617243,50.92981571
Indonesia,161.6397948,174.4287325,182.3180799,199.666275,211.9995403,236.3213797,250.7092128,274.8871116,277.0960749,293.2501239,297.0451879,317.7886168,324.5983328,354.1200567,360.359518,361.4524499,384.4033549,400.8331085,396.2603817,411.6737051,436.9280602,498.6086835,505.3548187,470.9120987,506.5074578,513.0833458,506.0154341,541.7911291,602.7877172,647.4615872
India,600.0253657,645.5188233,668.6542471,698.4792931,742.9171538,795.6519177,832.9365664,875.7414057,897.3304508,959.3514332,994.8629006,1010.81894,1049.225266,1081.075148,1165.982002,1215.209359,1297.083709,1412.731305,1501.893864,1641.126675,1741.071436,1848.689173,2021.270917,2082.681144,2241.955055,2258.489442,2298.68353,2430.766728,2556.317346,2563.668881
Ireland,32.85562626,33.35790159,33.19596017,33.53967305,34.69416826,35.41879187,36.70120812,37.93633474,40.27525306,41.75873556,44.32592851,46.52311303,45.34925624,44.96392781,45.33565422,47.36461839,47.94833042,47.15261922,46.47175843,41.52266694,41.25526102,37.7020396,38.01739305,36.89607437,36.67925837,38.36751269,39.84523656,38.73263006,38.74056415,36.80001441
Iran,204.8198677,225.6025826,241.2204869,240.0623788,274.2433523,278.7068671,290.8922483,303.9323431,302.7472806,333.9068829,352.7710758,366.4403329,382.7086382,403.9619022,433.2218289,467.9508925,505.2076738,537.471443,550.1934981,571.7343431,575.307078,584.908035,591.6200768,611.9448335,635.7632099,629.365706,642.8025351,665.1027953,678.0851765,669.7996306
Iraq,69.32560881,54.52004601,75.82769763,100.1860874,109.9511212,109.1145177,100.6661696,121.0429997,94.1131496,74.13037416,88.64255373,100.5019194,94.96013101,82.85630994,90.25606284,87.16525677,84.81971601,78.38107854,90.34536428,96.4923519,111.3217574,115.7652036,132.8901681,142.9539482,137.832003,137.1281448,148.0914152,161.2291578,169.761623,181.744849
Iceland,2.344514683,2.297178488,2.310250745,2.412110669,2.521996582,2.448698397,2.717749772,2.632807583,2.718863596,2.749827582,2.865398108,2.970892491,3.142853028,3.115547185,3.202136799,3.173330822,3.280976026,3.500108005,3.802504887,3.842764231,3.749396147,3.617078422,3.665237945,3.745801978,3.570908768,3.663543166,3.180902871,3.32413951,3.299368118,3.251406744
"Israel and Palestine, State of",35.32811738,35.97899454,38.51573827,42.23167747,45.19938683,48.2840998,51.41443186,53.10155115,53.67726841,55.12952511,59.45939959,59.44207245,62.70992548,64.47108342,64.35855279,62.26119053,65.42854706,67.80282697,68.16490749,67.32853523,72.2731318,71.45588534,77.92100671,68.60281987,66.29460553,68.16970856,67.64930682,67.88519129,63.48401941,64.63068183
"Italy, San Marino and the Holy See",430.4466515,429.1307112,426.7023824,420.2608012,414.0376754,439.0362984,433.9747652,437.406171,447.9622989,454.9527566,457.9331036,457.9102012,465.8349873,485.4613804,496.8758607,498.0231306,492.6309963,485.0844398,469.7682061,417.5068025,426.906291,417.9224505,396.9681474,364.3089341,345.760805,355.7982766,351.5752652,347.7375549,342.6177878,334.4375597
Jamaica,7.53058343,7.485359038,8.280048728,8.430438515,8.508300238,8.803609118,9.181657415,9.394214446,9.892691246,10.15554284,10.2221755,10.28886911,10.23746928,10.54320506,10.5930606,10.63180712,12.30413749,12.21924761,9.849827898,8.019196446,7.670581956,7.585053306,6.992450157,7.46219699,7.198746092,7.085328274,7.628041984,7.284388687,8.695886001,8.45052122
Jordan,10.08664614,10.10065789,11.97894875,12.44642935,13.01920442,13.82464542,14.14406669,14.63623949,14.8543803,14.87658045,16.49515668,16.53497692,17.23485072,17.67124102,19.04433326,20.32087777,20.56607762,21.36449752,20.50225502,21.07403937,20.60213147,21.02718892,24.5366053,24.10779499,25.84871435,25.64557145,25.24967661,26.56826778,25.16214572,25.19724853
Japan,1171.755363,1182.568055,1188.375798,1179.073454,1230.895181,1242.058573,1254.890922,1242.174128,1195.212534,1232.458453,1252.933321,1238.926237,1274.839346,1282.980894,1279.328321,1286.036003,1263.492628,1299.626685,1230.038391,1165.156828,1226.042658,1278.911207,1316.870919,1328.293565,1282.411124,1242.935643,1230.08593,1217.517345,1178.509307,1142.061046
Kazakhstan,251.7852017,262.8616516,267.6893381,228.2399753,205.5504868,182.1326255,159.6955875,138.7231567,142.1004471,129.6324257,131.4239631,128.8122479,143.2708767,159.1242272,171.6851066,182.6269303,203.6335297,214.6884197,253.6405185,226.2733814,243.6485996,260.5552089,257.6707097,274.0119836,228.2550637,200.0676341,211.7889,224.4858807,226.4486279,222.8549889
Kenya,6.476098092,6.226074833,6.307945271,6.200704165,6.179365851,6.674067076,7.307081653,7.051512793,7.599391042,7.805924414,8.620895803,8.03990635,7.838032769,7.01241502,7.966243185,8.871651604,9.839815899,9.873683588,10.45990527,12.18433464,13.20943525,13.50665702,12.63113576,14.50116034,15.4287352,17.5889748,19.8136292,19.63919349,18.26140686,22.98079238
Kyrgyzstan,23.70926695,21.31671922,13.97987932,10.27547365,6.731511141,4.77243703,5.948307708,5.883282772,6.220726203,4.980932031,4.866672081,4.134431802,5.14883466,5.768805515,5.743379194,5.501033422,5.515255459,6.670221093,7.724991392,6.949285088,6.581672013,7.849349315,10.26329365,9.642309871,9.924755389,10.46288581,9.939689577,9.740002432,11.57503341,10.43935759
Cambodia,0.423988483,0.455832761,0.460708704,0.451838799,0.475007887,1.501694669,1.666917048,1.779585445,1.994305388,1.942675664,2.001251793,2.187534398,2.247958708,2.417980639,2.419247099,2.700714236,3.007763969,3.69699023,4.09737621,4.873745659,5.157765101,5.362895952,5.629535207,5.6905685,7.029524514,8.523687199,10.60237728,11.89042142,13.37639881,16.16510089
Kiribati,0.016670696,0.017016801,0.016999498,0.016649109,0.017505424,0.016801361,0.017210999,0.018252624,0.018907068,0.018372234,0.035616972,0.031185874,0.045310042,0.046718377,0.048736044,0.063587656,0.068055153,0.059373179,0.069166447,0.062273889,0.062076757,0.059096589,0.057427495,0.058348342,0.05747412,0.059127288,0.062199058,0.069678706,0.069802755,0.072119898
Saint Kitts and Nevis,0.054778746,0.076955183,0.081116935,0.09341412,0.10686974,0.088279464,0.10349766,0.097979495,0.108144359,0.115698763,0.203264941,0.209516376,0.249185035,0.378505929,0.39282537,0.368879652,0.387007828,0.398978843,0.395938019,0.420371327,0.434115485,0.497385155,0.514281913,0.49114139,0.516016702,0.502744381,0.518968676,0.293218933,0.315279464,0.311341777
South Korea,271.0814642,296.3206348,315.401319,345.662866,372.6759802,405.0715774,431.3971652,454.5743492,390.5229151,425.5031393,483.9834839,497.6373861,493.2613344,497.1326215,516.7860587,516.5253099,523.0489325,534.1693909,544.3984912,552.4997321,598.9479566,629.6343354,632.8471446,630.0939197,624.8597109,643.6432478,661.2391607,669.3907274,674.1068566,650.3615363
Kuwait,32.38155297,38.54370476,26.9105918,34.1321511,40.5710798,40.1482936,39.48236823,41.58739724,46.16462488,49.75025391,54.33230813,57.36717444,59.9677819,63.0255527,67.06209022,75.23703717,77.87592587,76.1209641,81.53224878,83.36747928,86.3374067,89.67531029,90.53893009,92.94825978,91.05888756,94.47249712,97.07901065,96.00296445,96.12749684,96.7001173
Laos,0.254878812,0.303865553,0.315323139,0.320175093,0.352330697,0.368796786,0.431475675,0.510247373,0.560698167,0.556293212,0.93821091,1.033972857,1.158458889,1.204187627,1.262265753,1.307746072,1.715181052,1.812416989,2.114629463,2.644529397,2.96482909,3.129391237,3.338812301,3.947188223,4.390187472,8.930143824,15.87354143,19.2468618,19.8645698,19.41809102
Lebanon,5.977527008,7.413088278,7.962991907,11.39797613,12.52623722,14.51162644,15.06506378,16.550863,16.43329147,16.94221421,15.29858013,16.51435151,16.46488991,16.47309503,16.68998285,16.60376297,16.14525532,14.92477805,18.2963488,21.58392157,20.65940713,20.98923464,23.44172413,23.08967291,24.97401368,26.88423815,27.85180165,29.28109369,27.51739766,27.73921116
Liberia,0.45264292,0.301149263,0.279687407,0.299345737,0.299504562,0.308314453,0.332078386,0.337835986,0.358806612,0.37107624,0.460826481,0.512365061,0.507439959,0.546511991,0.600693142,0.746454726,0.777689697,0.722915383,0.608135022,0.56326392,0.86004936,0.88551974,0.968633501,0.895814504,1.158481604,1.19224871,1.305953844,1.192710614,1.337986403,1.362094461
Libya,32.57027482,32.7692959,34.18177169,36.40988976,42.41052226,48.06640389,50.56111551,46.83778082,46.38221166,47.75028094,49.27887862,48.6950715,49.87599452,53.74294146,53.15123309,57.6477169,57.40750357,53.68030814,57.08262138,60.22204083,63.61233435,44.74506047,62.13737492,61.45144447,60.56802425,53.79789332,53.42768203,57.38501208,59.13995157,59.27247661
Saint Lucia,0.185922042,0.19633214,0.207049887,0.193365917,0.225577768,0.217495167,0.219715907,0.208565946,0.214874305,0.228071172,0.362043863,0.39152157,0.371772226,0.548609338,0.539357072,0.537086594,0.543667164,0.555305247,0.558782675,0.588267744,0.629994986,0.726090564,0.760500326,0.748866539,0.7729091,0.749015164,0.759038328,0.552790695,0.541671505,0.776026956
Sri Lanka,4.250482009,4.437760399,5.523770765,5.408024946,6.222996252,6.256749525,8.818317229,8.796527273,9.087447951,10.03179814,11.46690945,11.37478444,11.89893257,12.86706615,13.29614904,14.53525446,13.04178307,14.28663774,13.59839898,13.06962222,13.83088153,16.27724543,17.76754228,15.37268674,18.58128226,21.55558435,23.06232304,24.54679201,22.99984065,25.51065563
Lesotho,0.130992271,0.156416952,0.137656461,0.133073536,0.145437254,0.149552615,0.153857081,0.15774618,0.154527802,0.158618743,0.398639471,0.401884598,0.414287576,0.418802056,0.44328386,0.445365373,0.447658502,0.575651134,0.469223026,0.545743118,0.561907145,0.539555805,0.566768742,0.568143004,0.582362124,0.571662044,0.614787664,0.691002278,0.670214476,0.68592394
Lithuania,35.31805814,37.25538554,21.1656238,16.42397255,15.90209087,15.24792713,15.71618055,15.20817863,16.0371627,13.47810161,11.80658832,12.54600775,12.63978161,12.63477714,13.21832918,14.11742849,14.36034139,15.73272442,15.73774116,13.11183995,13.95378691,14.21592675,14.37879019,13.27396079,13.14005896,13.42725845,13.28245866,13.68057754,13.76756351,14.02912901
Luxembourg,11.75177998,12.20079063,11.86155428,12.09481195,11.24070158,9.023380614,9.046053647,8.545238758,7.849918064,8.21340065,8.844963821,9.382628395,10.08214501,10.50328267,11.93708914,12.1720236,11.99620488,11.39851208,11.26264482,10.65705725,11.26183019,11.13341619,10.90259069,10.36321156,9.863659814,9.348228508,9.084578514,9.215592214,9.533098635,9.702100202
Latvia,20.43230155,18.54653123,14.64847438,12.27737129,10.77791308,9.469022672,9.555223781,9.047350208,8.742029879,8.127479203,7.570310217,7.921698767,7.879255552,8.116308092,8.130262224,8.242708338,8.742198993,9.148443055,8.72523903,7.954931926,9.124250332,8.466591283,8.243484873,8.004493985,7.792530285,7.829889102,7.670265031,7.629285597,8.300695971,8.081055794
Macao,0.936933203,0.931416088,0.971511656,1.041568109,1.165538712,1.112241299,1.307111508,1.429585584,1.585880313,1.627068794,1.591822886,1.655662032,1.78718083,1.824330279,2.124577541,2.104521348,2.084324657,1.849011268,1.604340125,1.809780874,1.737771325,1.738714106,1.780722002,1.760232623,1.979164694,2.615187893,2.572364351,3.035453159,2.428829804,2.575890687
Morocco,22.45365954,23.54872361,25.22890723,25.95801505,28.11771821,29.25817653,28.91449416,30.43207293,31.17074189,32.79738821,33.50157382,36.93455926,38.18657015,38.00611075,41.82646279,44.44302051,45.54777846,46.18540374,49.05851371,48.9353823,52.02647155,56.26384907,58.51250726,58.49447886,59.71583855,61.39413714,61.41790398,64.56737653,66.40423349,72.41635248
Moldova,31.95929453,25.77117587,20.46792755,17.34134677,14.10327536,12.21341758,10.51901943,9.565555066,8.648834192,7.339183501,6.821993453,7.123106132,7.266650593,7.815962416,7.876999554,8.281404483,8.051521628,7.957881691,7.868555796,7.735725356,8.476317242,8.515541805,8.335128169,7.351604204,7.940193342,8.201006308,8.299405439,8.194598575,8.700766038,9.057144607
Madagascar,0.810043555,1.004152538,0.996719283,1.008143609,1.068306828,1.119396894,1.174238597,1.28861738,1.183782257,1.179989292,1.956813675,1.992060068,1.470670295,1.97578688,2.20849189,2.201913011,2.162035687,2.276463362,2.383261285,2.098133371,2.568855502,3.153932413,4.128706138,4.59058324,4.36553848,4.518178474,4.662055898,4.761744309,4.541122598,5.35985018
Maldives,0.09324015,0.094209208,0.095096643,0.108490272,0.238198641,0.309190823,0.319029132,0.292631901,0.333534002,0.323796043,0.684035093,0.588208624,0.701290659,0.599429602,0.770925368,0.703310691,0.856469803,0.841326685,0.958986811,1.050591101,1.065751787,1.180428256,1.475567446,1.565401631,2.066184561,1.499127548,1.581247831,1.613566459,1.834918735,2.116841045
Mexico,291.0374187,308.8252757,312.7965491,320.7823253,346.3967315,326.6695635,342.6386132,361.8317322,384.2629566,373.4187405,397.9682551,395.7776411,401.8348626,421.9823396,431.7163437,448.8612978,465.4761095,472.4794414,473.8905359,464.1218206,479.3744501,489.196071,508.5007314,495.6949496,482.752772,491.4831721,498.8182219,501.2235548,484.649408,481.4642266
North Macedonia,11.20952224,9.918552719,8.822200398,9.059509656,8.778907325,8.72389348,10.27597787,9.261426408,10.15970122,9.379948762,9.051169617,9.242037638,8.709647793,9.462176371,9.222711194,9.680718755,9.66003926,10.37287,10.16168184,9.142817495,9.184229284,10.24820867,9.621650695,8.790896166,8.350865779,7.940155794,7.486337799,7.986372322,7.557534518,8.624733627
Mali,0.401719868,0.477018465,0.450817628,0.441372205,0.442535461,0.454716001,0.491235867,0.503091548,0.52164024,0.535669658,0.931002385,0.944261772,0.967576799,0.98774616,1.025783213,1.062822865,1.258540838,1.487435174,1.713712274,2.173108976,2.17141638,2.180922581,2.266464402,2.66021336,2.836561882,3.39229489,4.238826095,4.867448755,5.017227375,5.591457612
Malta,2.351418687,2.248033465,2.206269564,2.843906051,2.545520881,2.417028722,2.366078261,2.514903743,2.415776108,2.450291473,2.162246757,2.524737369,2.354255452,2.64165412,2.639105469,2.670279331,2.701722547,2.762335901,2.765639603,2.545417465,2.633334581,2.606431733,2.772479629,2.428511449,2.414631368,1.716319251,1.411538229,1.58093383,1.613083851,1.718574941
Myanmar/Burma,4.469337566,4.323444822,4.584340515,5.123481456,6.143114596,7.440056618,7.828443283,7.795075537,8.471829785,9.259536582,10.08897866,8.822398434,8.853525337,11.00997253,10.56464406,11.15879999,10.41879305,10.85558951,8.349493439,7.927621119,8.642338392,9.178014451,12.56733779,14.22786893,17.70070346,19.6466427,22.7568559,33.51810189,34.83839589,39.00140501
Mongolia,13.1569708,14.8676081,12.96766624,11.94488398,10.4140701,10.35202513,8.750716603,8.57859542,8.605021863,8.662286917,9.05036671,9.02180569,9.668199516,9.373183992,9.587526239,11.11936026,12.60670683,13.17247358,13.15269404,13.83798606,14.58815698,16.10245292,17.47257624,18.75077525,18.49461157,17.62481146,18.55338812,19.98396772,21.96046977,23.56272654
Mozambique,1.183095842,0.996093147,1.184169295,1.374408154,1.170206526,1.283301954,1.240532531,1.367641209,1.323700858,1.319139183,1.60221512,1.929328529,2.020408383,2.559081375,2.81385201,2.700785705,2.862421114,3.274752574,3.180527402,3.43337981,3.632077016,4.331341557,4.763902243,5.194819758,5.850941547,6.51725011,8.389560415,8.375738716,8.144190727,8.696688436
Mauritania,0.773477422,0.958891731,2.642065579,2.635646022,2.721926168,2.834188722,2.820092247,2.882051258,2.942930051,3.013448849,1.194970446,1.279682961,1.39026886,1.449792947,1.607402933,1.667437824,1.806178146,2.000560675,2.24621739,2.223218537,2.24639061,2.246114882,2.487383177,2.26917906,2.614638092,2.653857658,2.483580942,3.665518818,3.778912653,4.013490826
Martinique,1.679585871,1.488603118,1.681221983,2.082430512,2.030099245,1.979428081,1.991286234,1.914813879,1.889845972,1.985514466,2.09505907,2.101077395,2.091285566,2.320377322,2.338883156,2.21081144,2.127735013,2.178706505,2.136676161,2.335131468,2.462835828,2.354774268,2.382664685,2.410149874,2.488938488,2.14490589,2.162222625,2.078953404,2.078388467,2.066318912
Mauritius,1.191638819,1.275457685,1.347095027,1.484740564,1.529259548,1.56628209,1.640325976,1.647209442,1.807037854,2.21361187,2.448437064,2.586929559,2.642650413,2.766641646,2.790295746,2.984529168,3.328116566,3.420148822,3.493795787,3.443666423,3.681149551,3.66219526,3.749178325,3.848580116,3.984552141,3.988592932,4.059462535,4.200555016,4.158548878,4.213802988
Malawi,0.930360135,1.196017692,1.247675827,1.423862939,1.14461828,1.238640952,1.36084292,1.513099642,1.221128893,1.250891775,1.45687567,1.397119875,1.397133769,1.436399604,1.468263635,1.56879354,1.672299291,1.651641701,1.835946947,1.769825752,2.161985757,1.776987994,1.579242273,1.530627303,1.404978915,1.328275008,1.44641895,1.599583975,1.852028238,1.873632312
Malaysia,57.51185679,68.97153937,72.30280967,78.89086458,84.79643846,91.30684809,104.2653438,111.7743196,110.6233823,121.1325663,132.5220901,139.7752618,148.9065847,158.4357081,170.8697825,181.8088479,189.3823865,206.8440656,220.1064428,198.2787636,216.0465553,217.6099788,220.6446422,237.8010455,251.7379793,252.6107283,248.2969622,240.5134148,257.8039042,266.2147447
Namibia,1.501068348,1.129249858,1.228651861,1.424907828,1.645407002,1.783284745,1.954722687,2.022288516,2.087077755,1.98588281,1.949514998,2.466931964,2.13596528,2.292636451,2.435973242,2.593097491,2.601002511,2.710602073,3.036427659,3.104793683,3.211633009,3.397770807,3.578748627,3.815124054,3.952902061,4.196560788,4.236282566,4.231998933,4.23989592,4.247685826
New Caledonia,1.572680142,1.666081284,1.662433677,1.594046944,1.613029147,1.595250497,1.766078395,1.781240054,1.853950747,1.892660875,2.289926092,2.300195624,2.528105107,2.771936771,2.509768779,2.757099796,2.698164803,2.709768736,2.811187272,2.940020769,3.655106522,3.667383776,3.713263385,3.944058959,4.786552558,4.615422034,4.89158319,4.649036223,5.175524086,5.40865466
Niger,0.628779753,0.599529706,0.568689056,0.688927823,0.578431742,0.558668774,0.649482213,0.656727132,0.705088792,0.691339508,0.702321676,0.706640891,0.733845069,0.797533956,0.833574743,0.799400902,0.807591523,0.873880206,0.916647323,1.137212369,1.439361465,1.455955333,2.04586319,2.028128842,2.201632104,2.157367612,2.167893227,1.971832111,2.014489817,2.287489673
Nigeria,74.76788568,80.91724986,88.64183274,86.15296655,80.28074853,88.26654245,103.0383841,101.3228753,91.70492528,90.27878117,99.96985593,105.6544064,95.64603792,106.3996728,102.6164739,100.601219,90.71367115,83.03002143,89.01630753,78.60763316,91.67076908,100.9510166,98.00789771,110.2960786,116.7270917,110.0946123,114.5284631,113.3158337,114.4796489,120.2646329
Nicaragua,1.96948653,1.980005043,2.29959398,2.256426735,2.562900697,2.724403925,2.885935895,3.089810287,3.590103972,3.622279254,3.771341959,3.998466697,4.135304056,4.527035733,4.645810171,4.408223188,4.668103304,4.83086846,4.628272735,4.51889813,4.667650159,4.873006196,4.830989404,4.600808347,4.891161201,5.444152283,5.562987249,5.617078272,5.157583263,5.25833946
Netherlands,161.441096,167.8143749,165.9810743,170.1268501,170.6632313,177.5532536,187.94844,180.0589779,180.7790012,175.9611196,176.6965375,181.3548238,181.8856332,184.1068862,186.5832434,181.958456,177.5857472,178.8412316,180.0614581,174.9002165,186.3332641,174.1085592,171.4746033,170.2966075,162.8328237,170.6887338,172.0068413,169.3193951,163.892315,158.8039234
Norway,37.45296841,34.81573143,37.47881288,39.57488783,41.57796968,41.79111052,42.17389678,44.54542977,46.23891058,47.81193057,42.91978707,43.38251971,42.69139996,45.56266902,46.00920759,44.2932382,44.97390764,45.91203918,46.29668455,44.75011593,49.26882576,47.47268465,46.25086264,46.91665504,46.71441138,47.20194409,46.51696245,45.72684156,45.58695555,43.35350833
Nepal,1.098012083,1.346887753,1.412902834,1.561483405,1.896775695,2.063519189,2.188681507,2.416785601,2.562763143,3.335710912,3.423332241,3.659487644,2.989129157,3.392293866,2.948586039,3.300210413,2.734189483,2.818003252,3.112422782,4.098594802,4.811590296,5.388089884,6.236161942,6.270389143,7.291426227,7.355150838,10.55812216,12.61972983,15.22397438,13.61858362
New Zealand,24.03520527,24.70409255,26.45155581,26.28476549,26.75861655,27.2856055,28.64844643,31.14041623,30.78000712,32.48872234,33.66928462,35.5877048,35.88153722,36.65591785,36.30064303,37.10460126,37.06929846,35.95273044,36.91720342,34.23370134,34.1863139,33.46634132,35.50646886,35.22829756,35.93047918,35.97245566,35.2878936,36.69685449,36.19921531,38.10400212
Oman,15.57969864,18.99393202,18.11352944,17.15759003,16.05484293,18.77523556,19.84518774,20.47046398,19.92881722,22.43400297,25.32471651,28.44988649,30.4111747,32.15229226,31.75295928,33.00430106,42.14954518,45.54772657,44.71276838,47.15022924,51.46333755,59.71350425,67.40722257,70.5988293,74.99484491,79.28950577,82.38257506,82.32361258,85.54303476,86.46389838
Pakistan,65.34682306,66.56208767,73.7350165,81.36993651,83.83309241,90.31576691,93.96199898,97.57087203,99.0334479,108.2708898,109.4061341,112.0577524,112.5865804,116.4641763,130.1395627,132.4602077,143.5070664,159.6579732,155.0096295,157.8197174,151.9776822,153.7285216,154.862151,156.5066286,164.8717664,174.1737812,192.7933476,209.8049374,198.1390786,201.01429
Panama,2.739458765,3.161918621,3.768388807,3.853159188,4.093976216,4.39958164,4.433494349,4.65768558,5.739370005,5.024726104,5.207826553,6.222146676,5.429143157,5.502403441,5.52972282,7.124739844,7.513480429,7.493717426,7.274133348,8.69174703,9.19293157,10.01066545,10.46097136,10.27392879,10.78372313,10.64307083,10.67592873,10.16028089,9.949514829,13.15477512
Peru,20.88949652,20.2799787,21.15334972,22.20013121,22.78198561,25.90257852,28.45389517,28.37314375,27.29844371,29.36204837,29.03007569,26.97380054,28.13996868,27.62937077,31.85596785,31.87054843,31.44359694,34.36504738,38.97190318,41.88818729,45.77884409,49.16182019,49.08372885,50.21098132,53.16439158,54.5974054,57.27099866,54.88904691,55.14090807,57.58291255
Philippines,44.29278558,44.48725604,48.17639689,51.86519302,55.99631568,67.25823783,70.34035154,78.67140107,77.11814326,75.20735831,75.79032742,73.19534164,74.43960859,76.63813168,77.56974106,80.73001768,72.49454295,78.37273202,79.36228041,80.10694106,86.14074016,85.9473806,90.89186143,98.84893455,105.4183145,114.284876,123.6426354,137.0601046,143.2180666,150.6745525
Palau,2.154965833,2.138903479,1.954943383,2.000760077,2.994471155,2.348688591,2.21060592,2.517353813,2.278055781,2.419089337,2.12143949,2.363057072,1.443833405,1.717826203,1.521630992,1.734092946,1.696333447,1.382813907,1.397625366,2.172704817,2.110184044,2.369232791,3.603437854,1.823718837,1.26762205,1.195207809,1.144209204,1.196201269,1.230380239,1.268168703
Papua New Guinea,2.133745554,2.129881684,2.224989641,2.201409709,2.238622508,2.290614004,2.3799436,2.560307505,3.218143989,2.566313695,3.163148808,3.757394204,4.233115553,4.697332635,5.028158439,5.369910713,5.443049381,5.137768431,5.147348975,5.261904592,4.308797852,4.631148338,4.382756979,4.468404822,5.288332869,5.673208121,6.151103021,5.801951334,6.057864158,6.297710119
Poland,372.0444454,368.7755112,359.3158945,359.5912497,353.6789591,356.4636341,371.3019952,362.8742505,334.8826579,325.4885136,313.2868543,310.164934,303.4853312,316.0068682,318.4206198,317.8125928,331.1360401,330.5025629,324.8667485,311.4456056,329.3894404,327.0415388,319.531374,315.2246878,303.0694632,306.0746022,317.0934095,330.4340148,329.9422985,311.9671168
Puerto Rico,0.8812814,0.884113397,0.865771346,0.877985379,0.908650543,0.923541917,0.937220704,0.9431552,0.92359237,1.003194294,1.678955698,2.198791144,2.200225125,2.439231326,2.333863051,2.326834311,2.345528031,2.34357396,2.437370967,2.189160345,2.348873761,2.423036917,3.770276475,4.266827635,4.312697107,4.174912201,4.536031909,1.250470962,1.248341514,1.243889621
North Korea,131.9787924,126.9263683,112.2565787,104.0257249,95.21022534,89.18954406,79.16634756,76.78165575,62.97541861,68.67822181,73.89532732,76.79427684,73.56467277,75.10421888,76.64758723,79.86096138,81.34115969,68.03482187,74.59159102,56.88296318,52.98938385,38.69506312,39.53200634,28.65509379,33.50561373,27.99280508,32.89537678,57.06321123,52.75720712,58.52842615
Portugal,43.61192853,45.4601265,49.2551106,48.1725407,49.7445583,53.25650245,51.29192599,53.67185561,58.27333256,64.94741424,64.5308842,63.82247451,67.99327304,63.08445151,64.8458575,68.14597161,63.15082672,61.63863877,59.49304445,58.70660805,53.50698647,51.8197465,50.1552155,48.67095391,48.85798621,52.23947664,51.1598217,55.87749056,51.84628531,47.03651774
Paraguay,2.265685119,2.221282621,2.648447889,3.003759011,3.492653232,3.947452898,3.89971484,4.309425339,4.514806253,4.521496316,3.753105616,3.891946572,4.075743592,4.217622143,4.252293031,3.929931484,4.227090812,4.019371726,4.677021151,4.811858754,5.326576056,5.528337268,5.488402301,5.717076967,6.020776006,6.75400907,7.590304241,8.531292797,8.953278295,8.729137348
French Polynesia,0.837165777,0.84564859,0.802999266,0.785497272,0.654856658,0.654800703,0.657302456,0.711767283,0.737410185,0.715915889,0.777609131,0.884004339,0.920267875,0.974189126,0.926221549,0.971562781,0.9116301,0.913538779,0.977853617,1.001977368,1.005685488,0.992074711,0.95076189,0.964266789,0.931378716,0.953976665,0.924126508,0.88880625,0.910184111,0.934000405
Qatar,17.00956774,18.05474614,19.00241347,19.49929589,20.53457801,21.00917152,22.81292559,27.93194396,29.51335776,32.25337828,31.79156793,32.47084427,36.24360488,38.31345157,41.21779544,43.60984448,48.87081963,55.0432416,59.57166297,61.02811709,68.97445366,77.94914918,82.10893695,89.7659246,95.21092498,98.61461463,100.4404824,101.2767327,99.85257346,105.354177
Réunion,1.085770289,1.463698077,1.353019054,1.607047279,1.660033384,1.677096694,1.716117638,1.746752988,2.292799145,2.348992063,2.289648973,2.277021595,2.354071361,2.415798116,2.675119276,2.573353236,2.443986663,2.315294901,2.510152877,2.622823058,2.833025894,2.73237878,2.562195972,2.478635401,2.57553141,2.697106013,2.756963766,2.795580791,2.803115631,2.821300327
Romania,186.6700211,151.9397762,136.2669094,128.1363751,125.1843304,131.2368003,134.8729746,123.8342464,108.5140367,92.13563413,97.0595523,103.9102964,102.787847,106.8375119,104.7002286,103.4063116,109.0404218,106.4412135,104.6703268,85.38626603,82.6941758,89.04949099,86.78002669,79.09762979,78.82182831,79.80282844,78.04260505,80.99538198,82.10055477,80.47073978
Russia,2395.644387,2360.673906,2180.79568,1988.091539,1785.981038,1742.595536,1698.870097,1585.540114,1589.012116,1635.623575,1673.217644,1680.906542,1670.06476,1735.831141,1734.547172,1735.027021,1771.352773,1774.358866,1759.689236,1655.375529,1733.676253,1820.335876,1802.249618,1747.757764,1729.868661,1732.162257,1707.638423,1737.428044,1811.939536,1881.71206
Rwanda,0.583540711,0.703551577,0.621474971,0.560403252,0.553271711,0.577705414,0.598888382,0.615028066,0.642189342,0.662875749,0.648889435,0.656228284,0.681602791,0.675460821,0.677113034,0.683013683,0.69767706,0.697705161,0.696351956,0.720615088,0.793856209,0.802216686,0.866879961,0.918778505,0.920345546,1.008330152,1.075328257,1.124562626,1.193492913,1.301743612
Saudi Arabia,173.4791927,177.7240668,190.7520213,200.7204502,217.9397883,216.4202185,229.8623787,232.5426026,247.12084,252.1389741,265.1506997,275.7108237,293.7018464,308.2684806,326.9584083,346.3383552,366.7114114,387.8346452,420.5321719,444.1121141,487.0092554,509.1983797,539.33264,547.2035327,585.9314801,611.4229984,610.0871614,598.5827746,573.7300475,577.4434397
Serbia and Montenegro,66.44018307,55.63424355,51.32449131,45.08213936,41.55927276,46.91292385,54.83977731,59.76073191,59.68133273,42.44561854,50.83742589,54.63495908,58.19785283,61.92727953,66.57472265,61.52590156,63.99237099,62.4098578,61.97469826,58.15534044,60.182473,64.59325402,57.59117364,58.45287146,49.68032723,57.63644201,59.13572454,58.72116958,57.68895059,57.89869382
Sudan and South Sudan,5.591959686,4.990373371,4.728131087,3.393582775,4.965018174,4.647270952,4.581366302,5.528242712,4.974749951,5.48871891,6.034666309,6.580722731,8.026740506,8.240334651,9.193232196,10.8893546,13.28915616,14.40016767,15.38075681,15.92619478,16.90105974,16.22725363,17.54390137,17.01191635,17.99606119,21.0186786,23.54844383,23.03945329,22.92480458,22.71346894
International Shipping,370.9937676,385.7450473,414.4063705,401.6475295,414.3017115,427.5375907,437.5935573,448.3629849,461.9317223,489.1869273,502.1308119,476.4400245,494.635876,502.35,551.9781317,571.6361705,608.958072,645.3054986,646.686845,614.876374,661.801826,662.4634633,616.3653305,614.8859112,635.5683726,659.8416472,678.2022564,701.8738746,700.4282654,684.8432725
Senegal,2.401793464,2.415214053,2.652327046,2.591791147,2.647283462,2.796721454,3.013869289,3.312350362,3.712728485,4.092989806,4.037498294,4.56168959,4.734528856,4.594321385,5.229020724,5.801553069,5.668233948,6.266056358,6.500427556,6.648562417,7.049142364,7.547115069,7.42270203,7.874491337,8.42810803,9.260462173,10.34909468,10.00788575,10.37853837,11.36039248
Singapore,31.63504756,33.35675522,34.20929587,39.42141892,41.53246308,41.2170174,42.35364805,42.09334961,40.74372312,41.07780419,45.54368025,45.91326088,45.24377374,42.4966079,44.61300919,41.8137334,42.05163381,43.55806709,43.12817824,43.96811622,49.0644803,51.52742938,50.33257891,52.80244457,54.0517298,55.36427579,54.28890968,58.89506562,56.72259551,56.83510113
"Saint Helena, Ascension and Tristan da Cunha",0.009531432,0.005434492,0.00516247,0.006452213,0.00555634,0.005837345,0.003493033,0.003827534,0.003831815,0.004097132,0.011225717,0.007509044,0.007526857,0.007985771,0.009090511,0.009704177,0.008524115,0.009916424,0.010374405,0.010596093,0.01148642,0.012005532,0.012186497,0.014869719,0.014844374,0.014961687,0.015656741,0.016351794,0.017194073,0.016909453
Solomon Islands,0.160506552,0.162216284,0.163781543,0.160486412,0.168724602,0.162081323,0.166084561,0.176084067,0.182411628,0.177389662,0.259402957,0.276763165,0.285407708,0.294790513,0.30529038,0.313521507,0.313693852,0.317116478,0.336463409,0.356967391,0.369523501,0.391563255,0.387464381,0.386469216,0.3597757,0.321858642,0.302164739,0.299938879,0.312408294,0.315865945
Sierra Leone,0.769456978,0.971731227,0.625114169,0.610183915,0.632015141,0.685200616,0.755239454,0.763019544,0.797376985,0.817299071,0.494319038,0.610119234,0.629539707,0.665617841,0.672131121,0.625204043,0.773846937,0.723652426,0.701991196,0.703795558,0.769297926,0.875747685,0.973595391,1.113187592,1.189264552,0.997400753,1.010728586,1.026625608,1.012152273,0.954422461
El Salvador,2.643772279,3.356626157,3.772290021,4.089455465,4.747807663,5.179780272,4.633838225,5.645733228,5.909336249,5.883355404,5.829332225,6.089078646,6.152854532,6.652807274,6.912368615,7.07203407,7.566993653,7.943651198,7.246757521,7.034265653,6.954712192,7.25623971,7.350376698,7.213931742,7.281088595,7.597205899,7.770771365,7.019092203,7.510754118,8.560863155
Somalia,0.759839074,0.55225972,0.45156984,0.462916451,0.462404132,0.474999756,0.488741368,0.501088809,0.510641232,0.524290352,0.712216285,0.731542231,0.796453945,0.8067282,0.811034264,0.826637498,0.845430935,0.852290277,0.824346443,0.830206573,0.851205648,0.785827617,0.769197842,0.768759017,0.75482222,0.790970106,0.786237738,0.805768317,0.804157843,0.813939991
Saint Pierre and Miquelon,0.23802171,0.235780018,0.230738068,0.123418286,0.123807685,0.075640103,0.076205168,0.042324956,0.066751483,0.07212044,0.094849887,0.094586508,0.131933069,0.260420886,0.24951806,0.252886465,0.270416433,0.275122415,0.273159079,0.280796774,0.287275489,0.316440881,0.322264275,0.294545008,0.323946486,0.307014388,0.319387799,0.10609782,0.122558395,0.104780792
São Tomé and Príncipe,0.046646166,0.059119189,0.05195229,0.050683126,0.061913721,0.063693207,0.065539967,0.067235958,0.068591012,0.070484377,0.062497387,0.061683832,0.069534648,0.078288405,0.090315094,0.09783603,0.103199418,0.105548325,0.112923572,0.122566177,0.133415684,0.126576951,0.131005713,0.130926038,0.128543564,0.1355611,0.139097237,0.144909227,0.141767663,0.156722905
Suriname,1.623645299,1.585310669,1.570803443,1.523283579,1.481910745,1.478704609,1.457627348,1.43583208,1.431844856,1.470420792,1.482942513,1.523169641,1.120811619,1.240504892,1.397666712,1.691840698,1.53447364,1.416163865,1.461380394,1.453242122,1.75014086,1.956410933,2.445072314,2.288611057,2.621383755,2.725816477,2.960920742,2.501846453,2.212179419,2.655425727
Slovakia,60.49879632,52.4342028,49.0084208,47.20283003,44.87601052,45.00391522,45.38694916,45.32107958,44.20117099,43.44085115,41.11650176,42.00787366,41.68925291,41.93193542,41.67918262,42.16414067,41.55325606,40.92089431,40.92600225,37.12847244,39.89838613,37.8734207,36.1775693,36.50843452,34.04207271,34.52473051,35.50896079,37.69205761,37.05195005,34.82371629
Slovenia,16.64699111,15.39277852,15.38379723,15.82715878,15.95618845,15.96687978,16.75218378,17.04921826,16.7551462,16.09062173,15.7007463,17.57709234,17.88276449,17.74535782,18.0924177,18.34004158,18.67631641,18.64370031,19.58466106,17.61661985,17.89033164,16.82786403,16.25655226,16.29100744,14.92531049,15.06724546,15.79567613,16.12972278,16.10798932,15.61284969
Sweden,58.0910682,58.50244986,61.11440251,60.87545086,63.2152997,62.99545592,68.48305807,62.72741125,63.824537,62.52670343,58.84788761,58.96706969,60.43151251,61.25314621,59.70781702,56.47408785,56.95303204,54.68704093,53.76644093,49.32065265,55.42782661,51.26496345,48.93412044,47.18110394,45.77880959,46.16026593,45.74252009,45.34779632,42.96726967,42.2132384
Eswatini,1.368264009,1.412803089,1.30811587,1.088853833,1.793952025,1.7431421,1.70154202,1.988237927,2.532220675,2.604254946,2.839839292,2.889718738,2.896634779,2.769948853,2.700548507,2.996272503,3.154198864,3.480133006,3.475027,3.342863359,2.969212259,1.951114214,1.585819309,1.115692123,1.078709217,1.137073386,1.225041987,1.32823834,1.541639958,1.58942668
Seychelles,0.320377788,0.435161205,0.379560965,0.381300559,0.381111084,0.406116824,0.417980981,0.455074464,0.463586186,0.475938717,0.856727183,0.921770027,0.814460007,0.816457314,1.154825476,1.051769176,1.132552366,0.931339568,0.989059193,1.085501966,0.985340538,0.773721229,0.870541896,0.783558941,0.899226113,0.944320814,1.026096489,1.105687879,0.974808258,0.991415362
Syria,33.02575564,36.14032221,35.8520122,36.89048767,38.81242449,40.35784551,43.41183657,43.28106141,46.01619571,45.15090354,45.81514606,46.00530625,45.8233073,45.9801784,47.97237237,58.78266825,62.15450849,65.41204112,67.24486835,62.92468921,63.67170291,58.4143074,48.62251148,31.35765404,27.13072978,25.75674928,27.26665295,30.39399663,28.29677488,26.70610441
Turks and Caicos Islands,0.013984719,0.01483256,0.015601564,0.014614828,0.014380638,0.013853055,0.013951542,0.013249357,0.025647906,0.028818575,0.095530291,0.098933867,0.150977925,0.274922242,0.269620138,0.285025133,0.315777156,0.337351279,0.34308249,0.359668961,0.374281922,0.418190869,0.432836973,0.409457453,0.448002089,0.435604076,0.452677722,0.249202678,0.265413954,0.270099052
Chad,0.290377856,0.337758706,0.301903669,0.160398839,0.178047378,0.184181601,0.191545305,0.201897989,0.208322314,0.21293841,0.287292217,0.282592166,0.29833156,0.427827008,0.477354804,0.50569201,0.523070147,0.593048328,0.512283551,0.525119975,0.548390373,0.681930472,1.192311933,1.294798935,1.373681058,1.562772912,1.58857396,2.128474638,2.21429894,2.228859446
Togo,0.765536246,0.709513485,0.544542644,0.422385902,0.759146639,0.749607585,1.142939814,0.863335436,1.060232885,1.369112269,1.26662138,1.142514432,1.214372179,1.453247584,1.39399066,1.328874967,1.239889781,1.234416356,1.606215558,2.727879991,2.540378128,2.332150593,2.227211246,1.915933074,1.747937469,1.558893736,2.108086748,1.833774399,2.034478298,2.118680539
Thailand,93.99699884,103.7234835,113.6002795,128.6885688,144.0388424,163.1672749,183.4646548,187.1386172,165.2839622,172.9424433,174.5873393,183.2150358,194.7184495,202.5159973,220.6317129,228.6318903,232.2096152,237.2004468,238.4316995,231.4467948,245.4945981,245.7437817,263.7708645,274.847291,271.5413465,278.9881653,275.0179292,273.3371954,270.4188175,281.4354795
Tajikistan,12.27104765,11.70896792,8.605897956,5.831090799,3.622216637,3.090396258,2.744337745,3.020061104,3.263378782,3.071356858,2.864343855,2.817293607,2.835485493,2.89898128,3.441163619,3.280557589,3.581085322,4.140908409,3.883650704,3.112314393,3.132927614,3.148637816,3.585084939,3.684699935,4.845462599,5.175865119,6.400641355,7.570259546,8.826945784,9.685030576
Turkmenistan,45.63628337,38.72943341,28.55923232,27.15139911,34.24707432,34.69813448,31.59504501,31.39361484,32.66198528,38.591848,39.37030741,40.33848007,43.23608887,48.17201921,51.3449344,53.00465152,54.9630174,60.77076271,61.92515949,54.60915321,61.62498514,66.82971628,71.07017658,72.41679856,73.41909858,75.9046854,75.89249077,75.67074848,75.49211201,75.51401922
Timor-Leste,0.001985903,0.002054934,0.002137092,0.002214062,0.00226331,0.002268945,0.002224183,0.002138948,0.064759843,0.163591075,0.228367509,0.124457713,0.105930433,0.27019836,0.518792538,0.344763808,0.334864055,0.296904089,0.301891194,0.342863734,0.328754219,0.369221676,0.625245723,0.735866773,0.708730554,0.661963183,0.613530003,0.621504851,0.606254933,0.570230032
Tonga,0.08785249,0.090676602,0.087562329,0.08568485,0.122085925,0.106405452,0.122771567,0.136508741,0.143756318,0.139521226,0.10888938,0.100574512,0.109236181,0.130394772,0.116795548,0.124601276,0.136392492,0.109574126,0.124217683,0.139774037,0.127796186,0.123963205,0.121046378,0.115463462,0.124383266,0.127326202,0.130777882,0.155600827,0.135732112,0.162135544
Trinidad and Tobago,12.66769651,12.90171746,13.28308554,12.60514981,13.61457583,13.49908348,14.74239026,15.09976935,17.11946542,17.79452445,18.73881336,21.31307942,23.00443548,26.40863513,28.37526496,34.10737916,37.64167314,38.24286879,37.3658779,36.19053102,39.74816014,40.12190027,36.8563852,36.09371911,35.95645717,35.59780968,31.91156826,32.37127845,31.59330227,32.57943919
Tunisia,14.74705883,15.19268754,16.15139441,16.78379062,16.90935791,17.28579051,17.81807265,18.39132822,19.19302922,20.16277393,21.19465945,22.05784301,21.80091729,21.57669199,22.80783873,23.44265461,24.22341512,25.04885394,25.60764669,25.57196827,28.04037049,26.64058112,28.64078135,28.58305669,30.2883498,30.76622871,29.79840115,30.10185005,30.09399766,30.08601248
Turkey,150.4278673,152.9605578,159.7521096,165.1729968,164.1895307,178.5833496,194.5356536,204.3904675,205.8800404,204.2850084,226.6835582,206.5792903,216.6471888,228.4015383,234.8245354,244.7449808,272.6134476,299.2277337,298.2951987,300.5417398,311.0186412,331.3698401,342.4746595,332.9110796,354.498793,366.9177128,390.7642534,434.8857404,431.886308,416.96075
Taiwan,121.9654197,131.3071992,139.2880426,148.8461816,157.4262455,166.4423481,175.044352,188.2085829,198.2527484,206.1785497,224.9816804,231.8691036,239.1274733,249.7318804,259.4864057,267.4075741,274.6303069,279.4628565,266.9810139,254.2989627,270.8570698,276.5403572,271.6855016,277.2454782,282.3874034,280.7386157,285.5529697,290.9024341,288.0780086,278.1191572
Tanzania,2.113513814,2.239401364,2.077449439,2.180712578,2.16148774,2.958285326,3.484931831,3.270949125,2.854191083,2.669898507,3.105261366,3.286701123,3.745121558,3.961073947,5.309670821,5.967906081,6.269644491,6.099511631,6.265712392,6.065009939,7.092585791,8.316165,9.998887036,10.96406904,10.78182734,11.79016475,11.50677796,12.14069304,12.34428181,13.47926861
Uganda,0.709293545,0.90547562,0.844583249,0.855993105,0.877107432,0.908558058,0.993380168,1.045439038,1.239651252,1.283987837,1.611051829,1.680243336,1.746860749,1.845360275,1.965356309,2.40335047,2.794603052,3.337468753,3.452602707,3.703022047,4.26818953,4.291058925,4.157884099,4.376071211,5.052177493,5.183774414,5.454509164,6.106755666,6.396511145,7.125894403
Ukraine,783.5010579,738.2346167,648.0915701,565.5258045,467.9855157,461.2811861,393.5432719,378.3101433,361.1072365,360.4911937,357.26982,356.494556,357.1710292,389.4268921,365.2123534,353.1978941,354.0572184,361.76215,346.9828525,287.7080218,308.6600571,325.895208,317.8041416,307.8549284,263.9764122,220.5274636,220.7329758,198.6540275,212.3224571,199.581791
Uruguay,3.93871156,4.457087505,4.895777131,4.648338088,4.36414297,4.769211332,5.556166671,5.652292388,5.874836408,6.873629559,5.5363251,5.005860885,4.594577883,4.583511713,5.730266884,5.5290026,6.450880195,5.995611231,7.884174884,7.816138268,6.416165179,7.719453339,8.776767881,7.536792719,6.610012772,6.779232627,6.65914265,6.22274821,6.679537555,6.676533937
United States,5067.479546,5025.951278,5106.826241,5225.130773,5308.827872,5360.921019,5508.512217,5784.149017,5829.446666,5840.857612,6004.362376,5956.92769,5790.900293,5858.751482,5940.829132,5950.654771,5845.441928,5934.148901,5745.751443,5324.860701,5571.817642,5354.273351,5135.957356,5271.1826,5290.080544,5179.7153,5077.008264,5005.631487,5166.492416,5011.099581
Uzbekistan,126.0096071,126.404082,118.0083856,117.8692385,112.5482013,101.865452,103.226714,105.1016793,119.1894708,120.152015,127.1764581,128.3668737,132.3649383,124.6323291,127.7879887,121.3534795,129.823797,126.1135724,131.917043,119.7698927,130.4131195,133.1099691,118.2073989,116.6581252,109.3469461,103.9773864,110.3030717,114.6242331,117.8146586,122.7661736
Saint Vincent and the Grenadines,0.077095772,0.07753054,0.098107019,0.07636608,0.134804378,0.144023035,0.130495415,0.145071927,0.167704784,0.178418715,0.17627057,0.201739219,0.242488877,0.377917245,0.38914277,0.385025528,0.396639462,0.40278628,0.398271934,0.500304319,0.429900363,0.463882912,0.541874362,0.460769051,0.499330829,0.481602555,0.489347992,0.307615011,0.29488514,0.253025609
Venezuela,102.7365879,101.3620769,103.7795347,110.472051,110.7956576,120.0585426,128.1965119,133.9561414,135.734447,131.8160512,137.9463077,143.1742389,147.9536832,143.1546809,149.9387121,156.1922071,155.1571679,152.4218376,160.9275777,162.151494,173.4423134,169.6314213,191.6124783,190.77808,189.1439534,172.616465,159.5946788,148.4888936,139.0193293,118.7914334
British Virgin Islands,0.04854341,0.051262845,0.054039407,0.050491243,0.049652255,0.047754323,0.062662567,0.059353119,0.069989222,0.0755208,0.129101167,0.130770525,0.166671071,0.296522357,0.294586337,0.296462973,0.321709781,0.328004815,0.33425216,0.355299836,0.368101564,0.415456148,0.429150263,0.403697062,0.429152258,0.410614626,0.422041344,0.189646503,0.2508398,0.198026046
Vietnam,20.52539071,20.66909163,21.64121777,25.36684597,29.82704996,34.29483848,38.60895729,44.55435974,49.83994513,51.08093554,56.5229111,62.10248279,73.09487278,77.64632649,91.90542411,100.4320163,103.1532513,114.0430446,126.029869,140.5411775,156.8383196,157.1926906,156.6876188,164.3199175,180.4293609,221.1884187,226.5551062,231.2607183,282.7839888,333.5080596
Vanuatu,0.1017625,0.092611572,0.04853352,0.047583216,0.050014957,0.048079866,0.049263392,0.052191316,0.054043293,0.05256915,0.093450195,0.10559294,0.102381534,0.118577189,0.093366131,0.093834993,0.084490824,0.127826881,0.131460173,0.156331755,0.15895649,0.187685127,0.153452809,0.148203492,0.167520898,0.152653077,0.153685345,0.169347492,0.2162922,0.214036616
Samoa,0.12148438,0.122702209,0.110210804,0.121145856,0.127420188,0.122155871,0.125186271,0.132766165,0.137543229,0.133519045,0.203328397,0.213646302,0.217214745,0.223054725,0.220402267,0.224396545,0.224592976,0.228843288,0.245606417,0.265635035,0.266716976,0.276789345,0.274987904,0.269788295,0.270613836,0.310972467,0.323645452,0.318352494,0.309436828,0.345617831
Yemen,7.094699239,8.887461126,9.583234624,8.662744023,9.998862837,11.13022539,11.39433547,12.26234296,13.06054134,14.72094053,15.72653861,16.73918041,16.78537391,19.50260267,20.40592906,21.98948711,22.9166504,24.29840762,25.22733291,27.61507292,26.32012578,22.97967979,21.98757461,28.76668961,28.3386638,14.24771093,11.11866795,10.69593531,10.41767032,12.30795679
South Africa,313.6670402,305.5472687,299.0059724,300.8262154,307.7198332,324.2655896,335.5445678,350.496773,356.7171897,339.9482543,346.6021197,356.3860656,369.7669868,393.0896334,424.0389912,434.6302013,438.9971336,457.7847127,485.7574309,455.1227515,462.6758317,443.6909686,459.7837798,471.432912,482.5396537,458.8240441,458.6894876,468.7901784,467.1842608,470.5221164
Zambia,3.016299745,3.136953566,3.113351903,2.773514093,2.37212993,2.349688322,1.97732319,2.564266559,2.344996696,1.925647404,1.957209053,1.974671379,2.072121566,2.233192285,2.300307229,2.460019948,2.38469177,2.187703257,2.347617577,2.628776447,2.877217696,3.230893643,4.353041121,4.560796396,4.995498682,5.314527036,5.783060911,7.265926882,8.268375635,7.084711368
Zimbabwe,17.21149502,18.9505232,19.06485499,17.48022621,16.46074838,16.14537019,15.55495926,14.60288625,14.81213962,16.68352801,14.51958659,14.69584396,13.30816035,10.89028533,10.35197615,11.40987641,10.59425107,10.41315952,8.055699226,8.081675294,10.09048289,11.90130765,12.45857691,12.7567648,12.64727563,12.87589462,11.31259222,10.54031589,12.73037151,12.08821822
